post_title,post_url,comment,comment_author,comment_score,post_body,post_score,post_author
Tax court stops BIR from tapping Cojuangco’s SMC shares for 1991 Marcos estate dues,https://reddit.com/r/truePhilippines/comments/1myvdd2/tax_court_stops_bir_from_tapping_cojuangcos_smc/,,,,[No text - maybe image/link post],1.0,intergalacticninja
Ang panget ng Pilipinas,https://reddit.com/r/truePhilippines/comments/1mfl14l/ang_panget_ng_pilipinas/,,,,"Gusto ko lang sabihin na sobrang kawawa ng bansa natin, Na realize ko lang to since first time ko bumiyahe mag isa doon ko lang kapag tanto na sobrang kawawa at panget ng system ng Pilipinas habang nakatingin ako sa bintana ng bus, madaming wire na nabuhol buhok, sobrang daming basura, tapos sobrang daming vandalism na nakasulat sa pader kahit halatang kakagawa pa lang at last sobrang traffic. Imagine kahit gusto mo mapa ganda at maging maglinis yung bansa mo kung yung mamamayan at yung government hindi nagkaka isa HINDI tayo UUNLAD at walang wala tayo sa ibang bansa, tapos napa isip ako, ano kaya iniisip ng mga bayani natin na nag sakripisyo kung makita nila ang pilipinas na ganito? Syempre disappointed sila diba? Nag sakripisyo ka eh, nag buwis ka ng sariling mo buhay para lumaya ang bansa mo tapos makikita mo o malalaman mo na ganito na ang bansa minahal mo,madaming basura, traffic, binabaha at higit sa lahat  PINUPUTOL ang PUNO na syang dahilan kaya tayo lalong binabaha. Kaya  sa boboto ng taong 2028 piliin nyo Sana yung tingin nyo mag aayos at aangat mg Pilipinas hindi yung bibilhin ang boto nyo mag karoon sana kayo ng dignidad, gusto nyo umangat ang pilipinas pero di nyo pinipili ang tao na nag mamalasakit at nag Mahal sa bansa natin. Tignan nyo nga yung nagyayari sa Government natin, nag away away sila, yung VP at P natin Hindi na hahagilap kapag may sakuna na nangyayari. Kaya sana natututo na kayo sa nangyayari ngayon. May chance pa tayo para mag bago at umangat kaya sana yung mga boto nyo sa yr. 2028 election is sana ibigay nyo sa taong nararapat hindi dahil SIKAT at BINILI ang boto nyo, dahil alam nyong sila ang aangat sa bansa natin. Sana mag tulungan tayo.


Ps: Kaya first time kong sumakay kasi bahay at school lang ako, Hindi pa kc ako nakakapunta sa malayong lugar.",4.0,Flaky_Weird9588
Ang panget ng Pilipinas,https://reddit.com/r/truePhilippines/comments/1mfl14l/ang_panget_ng_pilipinas/,Agree po tpos po ang taas pa ng tax dito na d mo alam san napupunta,BasicCondition1257,3.0,,,
Ang panget ng Pilipinas,https://reddit.com/r/truePhilippines/comments/1mfl14l/ang_panget_ng_pilipinas/,Agree. Marerealized mo lang din naman yan pag umalis nka ng bansa eh. Dyan mo makikita na we're so f*ckin left behind.,CardImpressive2408,1.0,,,
Ang panget ng Pilipinas,https://reddit.com/r/truePhilippines/comments/1mfl14l/ang_panget_ng_pilipinas/,sinabi mo pa hahah may presidente pang paliging sabog,Any_Cod_9212,1.0,,,
Bakit Bumabaha sa Metro Manila?: Metro Manila Flooding,https://reddit.com/r/truePhilippines/comments/1m7btye/bakit_bumabaha_sa_metro_manila_metro_manila/,,,,"July 2025 Habagat and Bagyo Season- Metro Manila is under flood waters again. Major roads unpassable due to knee-deep floodwater. Bagyong Crising combined with the southwest monsoon brought heavy rains, but while the rain keeps coming, the flooding we experience is sadly nothing new.

source: Manila DRRM Office via Facebook

In this post, I pulled together insights from experts like Dr. Mahar Lagmay, Arch. Paulo Alcazaren, Arch. Jun Palafox, and even DPWH Secretary Bonoan. The rain may be the trigger, but the real issue lies in how we have shaped and managed Metro Manila over the years.

We’re talking about decades of overbuilding, outdated and clogged drainage, disappearing green spaces, and a political setup that makes city-wide solutions almost impossible to implement.

This post breaks it all down into three key causes: natural, man-made, and governance-related.

📌 I’ll keep updating this post or commenting below with more sources, insights, and possible ways forward. Let's discuss

1. **Dr. Mahar Lagmay, Project Noah** \- The extreme volume of rain has a lot to do with the flooding. Naturally, if there is no rain (water), then there will be no flooding. Heres are some of the aggravating factors, Dr Lagmay also mentioned.
   1. Metro Manila is already an Urban Jungle with a lot of concrete impervious surfaces (hindi nakakalusot ang tubig).
   2. Deforestation in the mountains of Rizal, and the lost of green open spaces also reduced the absorptive capacity of manila's land to retain water.
   3. Capacity of the Drainage systems- standard capacity and limiting capacity due to clogging caused by debris.
   4. Solutions: Looking at the problem from a different way, Nature Based solutions. Creeks need to be respected. Change in mindset and the way our leaders solve our urban problems.
   5. Accdg. to Dr Lagmay, Japan took 20 years for the public for their detailed hazard maps be appreciated and be transformed into actionable solutions.
   6. Source: [https://www.youtube.com/watch?v=2acpX-BlYRw](https://www.youtube.com/watch?v=2acpX-BlYRw)
2. **LArch Paulo Alcarazen**
   1. Rapid Urban Development- in the metro reduced the square area and volume of green open space in the metro. The faster rate of property developments, central business districts, and commercial developments sprouting all over Metro Manila lag behind the maintainance of natural systems where water flows.
   2. Uncoordinated Response (Political)- Metro Manila LGUs, although coordinated by MMDA through Metro Manila Council, are still fragmented in their political and administrative planning, operations, disaster response and more, while in reality transport systems, urban life, disasters, flood waters doesn't adhere too much on political boundaries. “*Ang problema*, *ang* government planning *ay* not based on science but based on politics,” Alcazaren said.
   3. Source: [https://cmfr-phil.org/media-ethics-responsibility/journalism-review/one-ph-explains-factors-in-metro-manila-flooding/](https://cmfr-phil.org/media-ethics-responsibility/journalism-review/one-ph-explains-factors-in-metro-manila-flooding/)
3. **Arch Jun Palafox**
   1. ‘some people are blaming God for the floods’. And I said it’s not an act of God but sins of omission and of men and women running our country because the solutions are there hindi pa natutupad,” Palafox said.
   2. Drainage system in Metro manila is 75% undersized and silted(may lupa), “Kasi yung design criteria good for 25-year return of typhoons and floods. The hundred-year typhoons now are happening every other year, so it’s 75% undersized,” he explained. “Tapos yung subdivision code natin, even mountain communities saleable 70%, so wala halos open space.”
   3. Source: [https://politiko.com.ph/2025/07/22/andyan-na-ang-sagot-metro-manila-flood-solutions-existed-since-the-70s-palafox/politiko-lokal/?fbclid=IwY2xjawLtxzpleHRuA2FlbQIxMQBicmlkETFscmtGR1BWTFIzWXdVV2p3AR61QFL5r9EsM6ijQL4E\_ITsn4eK9q-NKCNwnqwzSsZjB2nJRdMFhX3o6ghdNg\_aem\_qZDDZEz9vK-Lk114h\_a16A](https://politiko.com.ph/2025/07/22/andyan-na-ang-sagot-metro-manila-flood-solutions-existed-since-the-70s-palafox/politiko-lokal/?fbclid=IwY2xjawLtxzpleHRuA2FlbQIxMQBicmlkETFscmtGR1BWTFIzWXdVV2p3AR61QFL5r9EsM6ijQL4E_ITsn4eK9q-NKCNwnqwzSsZjB2nJRdMFhX3o6ghdNg_aem_qZDDZEz9vK-Lk114h_a16A)
4. **DPWH (Sec. Bonoan)**
   1. The Department of Public Works and Highways (DPWH) on Tuesday, July 22, raised concern over Metro Manila’s flood control capability, saying the region’s “very old” drainage system is no longer sufficient to handle the volume of rainwater during heavy downpours.
   2. “The pumping stations are working. The problem is, floodwaters can’t flow to them because the drainage system is not adequate to convey floodwaters,” Bonoan said, noting that much of the system is outdated and heavily silted.
   3. “Flooding is not just an engineering problem. It’s also a problem of environment, land use, and garbage. We need an all-of-government strategy,” Bonoan added.
   4. Source: [https://mb.com.ph/2025/07/22/very-old-drainage-system-hampers-metro-manila-flood-controldpwh](https://mb.com.ph/2025/07/22/very-old-drainage-system-hampers-metro-manila-flood-controldpwh)

**SYNTHESIS**

Why does heavy flooding occurs in Metro Manila, there are three factors or reasons to why: natural causes, built or man made causes, and the underlying cause of urban management--- leading to political factors.

Of course, flooding isn’t unique to Metro Manila. It’s a natural phenomenon, something that happens in many parts of the world, especially in tropical climates like ours. But what we’re dealing with in **Metro Manila is urban flooding**, which is a *much worse* version of what nature intended.

Yes, we can blame rain. We can blame typhoons. But let’s be honest—**the real issue is how we’ve built (and keep building) our city**.

* Poor drainage systems
* Overbuilt roads and concrete everywhere (no more soil to absorb water)
* Trash clogging up waterways
* Zero planning around creeks, rivers, and floodplains
* And let’s not forget the complex mix of topography + bad land use decisions caused by fragmented political jurisdictions over metro Manila.

Metro Manila has always had flood-prone areas. But what makes it worse now is **unchecked development**, lack of coordination across LGUs, and short-term or adhoc solutions. For me it is so unfortunate that we elect our political leaders during summer days, right before the rainy season comes, and when all the ailments of our urban environment aren't evident yet.",2.0,pjemas
Bakit Bumabaha sa Metro Manila?: Metro Manila Flooding,https://reddit.com/r/truePhilippines/comments/1m7btye/bakit_bumabaha_sa_metro_manila_metro_manila/,matagal namang mabaho yan,Any_Cod_9212,1.0,,,
[HOT TAKE] Metro Manila’s Flooding? Blame the Reclamation Greed. Shoutout to WTA and Palafox 🙃,https://reddit.com/r/truePhilippines/comments/1m71ac1/hot_take_metro_manilas_flooding_blame_the/,,,,"You wanna talk about why Metro Manila floods like clockwork every time there’s a decent rain? Sure, let’s blame plastic waste, clogged esteros, poor drainage, and overpopulation like we always do. But here’s a hot take people don’t want to say out loud: a huge part of the blame lies with the architects, planners, and firms pushing and profiting off reclamation projects in Manila Bay.

Yes, I’m looking at you WTA and Palafox. Big names in architecture and urban planning, right? Always talking about sustainability and resilience in their talks, panels, and fancy visuals—but then turn around and participate in or support land reclamation schemes that literally erase natural water catchment zones, displace communities, and block critical waterways. Manila Bay is not your sandbox.

So the next time you see a gleaming render of a “coastal city” on top of the sea, remember: that’s someone’s flood, someone’s livelihood, someone’s future getting washed away.",4.0,Dangerous-Ship-7842
[HOT TAKE] Metro Manila’s Flooding? Blame the Reclamation Greed. Shoutout to WTA and Palafox 🙃,https://reddit.com/r/truePhilippines/comments/1m71ac1/hot_take_metro_manilas_flooding_blame_the/,"Some of the architects are to blame for this, but behind every architect proposing for reclamation are the property developers and consultants, dictating where should we develop. 

It's true, while NEDA have identified already key cities to develop outside metro manila, developers are insisting pa din to reclaim land at Manila Bay. Instead of boosting regional growth, developers are only adding to problems of Metro Manila, including flooding and urban  mismanagement. Few people to blame also aer those in HLURB, Reclamation Authority, and DENR for allowing this, and even NEDA- for not following their plans.",pjemas,1.0,,,
"Philippines braces transport, agri sectors amid global oil price surge.",https://reddit.com/r/truePhilippines/comments/1liea3z/philippines_braces_transport_agri_sectors_amid/,,,,"The Philippines government is preparing to cushion the impact of the global surge in oil prices on its transportation and agriculture sectors. Key measures include closely monitoring fuel supply and implementing targeted fuel subsidies for affected industries.
Undersecretary OIC Gerard “Gerry” Garin has personally inspected fuel terminals and depots to ensure supply stability amid disruptions. The administration is prioritizing support for farmers and transport operators who are vulnerable to rising fuel costs.
This strategic response aims to balance domestic economic stability with the broader global energy inflation, which has escalated due to recent geopolitical tensions. The policy interventions reflect the government's proactive approach in protecting key economic sectors from external shocks .

https://www.rappler.com/philippines/government-brace-transport-agriculture-sectors-global-oil-price-surge/",3.0,NoReplySince9PM
Marcos open to talks on PH rejoining ICC — Palace,https://reddit.com/r/truePhilippines/comments/1lf94nv/marcos_open_to_talks_on_ph_rejoining_icc_palace/,,,,[No text - maybe image/link post],3.0,intergalacticninja
"Letting Russia keep Ukrainian territory could have repercussions in Taiwan; What would happen, Macron asked, if something similar happened to Taiwan or the Philippines?",https://reddit.com/r/truePhilippines/comments/1kzoc93/letting_russia_keep_ukrainian_territory_could/,,,,[No text - maybe image/link post],2.0,intergalacticninja
Marcos orders courtesy resignation of all Cabinet secretaries,https://reddit.com/r/truePhilippines/comments/1ksetdy/marcos_orders_courtesy_resignation_of_all_cabinet/,,,,[No text - maybe image/link post],1.0,intergalacticninja
US State Department Approves $5.6 Billion in F-16s for Philippines,https://reddit.com/r/truePhilippines/comments/1jpenbz/us_state_department_approves_56_billion_in_f16s/,,,,[No text - maybe image/link post],1.0,intergalacticninja
US State Department Approves $5.6 Billion in F-16s for Philippines,https://reddit.com/r/truePhilippines/comments/1jpenbz/us_state_department_approves_56_billion_in_f16s/,Hope this pursues,Remarkable-Jelly-131,1.0,,,
U.S. unfreezes military aid to Philippines to bolster China deterrence,https://reddit.com/r/truePhilippines/comments/1jmfjrn/us_unfreezes_military_aid_to_philippines_to/,,,,>,1.0,intergalacticninja
